Date,Shift,Pit,Ore_Tonnes
2025-01-01,Day,Pit A,5213
2025-01-01,Day,Pit B,4272
2025-01-01,Day,Pit C,5525
2025-01-01,Night,Pit A,5658
2025-01-01,Night,Pit B,3634
2025-01-01,Night,Pit C,4088
2025-01-02,Day,Pit A,5089
2025-01-02,Day,Pit B,4778
2025-01-02,Day,Pit C,4988
2025-01-02,Night,Pit A,4402
2025-01-02,Night,Pit B,5615
2025-01-02,Night,Pit C,5544
2025-01-03,Day,Pit A,5046
2025-01-03,Day,Pit B,5789
2025-01-03,Day,Pit C,5327
2025-01-03,Night,Pit A,4398
2025-01-03,Night,Pit B,5258
2025-01-03,Night,Pit C,4328
2025-01-04,Day,Pit A,5614
2025-01-04,Day,Pit B,4965
2025-01-04,Day,Pit C,4870
2025-01-04,Night,Pit A,4523
2025-01-04,Night,Pit B,5855
2025-01-04,Night,Pit C,4891
2025-01-05,Day,Pit A,4700
2025-01-05,Day,Pit B,4753
2025-01-05,Day,Pit C,5372
2025-01-05,Night,Pit A,5255
2025-01-05,Night,Pit B,5288
2025-01-05,Night,Pit C,5301
2025-01-06,Day,Pit A,6499
2025-01-06,Day,Pit B,4715
2025-01-06,Day,Pit C,4641
2025-01-06,Night,Pit A,4430
2025-01-06,Night,Pit B,5431
2025-01-06,Night,Pit C,5790
2025-01-07,Day,Pit A,4920
2025-01-07,Day,Pit B,4411
2025-01-07,Day,Pit C,4422
2025-01-07,Night,Pit A,5455
2025-01-07,Night,Pit B,5520
2025-01-07,Night,Pit C,5380
2025-01-08,Day,Pit A,4534
2025-01-08,Day,Pit B,5162
2025-01-08,Day,Pit C,5081
2025-01-08,Night,Pit A,5153
2025-01-08,Night,Pit B,5610
2025-01-08,Night,Pit C,5156
2025-01-09,Day,Pit A,5475
2025-01-09,Day,Pit B,5047
2025-01-09,Day,Pit C,5202
2025-01-09,Night,Pit A,5441
2025-01-09,Night,Pit B,3979
2025-01-09,Night,Pit C,4776
2025-01-10,Day,Pit A,4670
2025-01-10,Day,Pit B,4552
2025-01-10,Day,Pit C,4807
2025-01-10,Night,Pit A,6046
2025-01-10,Night,Pit B,4393
2025-01-10,Night,Pit C,5677
2025-01-11,Day,Pit A,3821
2025-01-11,Day,Pit B,4765
2025-01-11,Day,Pit C,5113
2025-01-11,Night,Pit A,5410
2025-01-11,Night,Pit B,5497
2025-01-11,Night,Pit C,5555
2025-01-12,Day,Pit A,4755
2025-01-12,Day,Pit B,4676
2025-01-12,Day,Pit C,5600
2025-01-12,Night,Pit A,4866
2025-01-12,Night,Pit B,4107
2025-01-12,Night,Pit C,4206
2025-01-13,Day,Pit A,4356
2025-01-13,Day,Pit B,5348
2025-01-13,Day,Pit C,5099
2025-01-13,Night,Pit A,5483
2025-01-13,Night,Pit B,4700
2025-01-13,Night,Pit C,5110
2025-01-14,Day,Pit A,5437
2025-01-14,Day,Pit B,4783
2025-01-14,Day,Pit C,5319
2025-01-14,Night,Pit A,4536
2025-01-14,Night,Pit B,4745
2025-01-14,Night,Pit C,4732
2025-01-15,Day,Pit A,4162
2025-01-15,Day,Pit B,5340
2025-01-15,Day,Pit C,4671
2025-01-15,Night,Pit A,5008
2025-01-15,Night,Pit B,5336
2025-01-15,Night,Pit C,5312
2025-01-16,Day,Pit A,5465
2025-01-16,Day,Pit B,4931
2025-01-16,Day,Pit C,4703
2025-01-16,Night,Pit A,4944
2025-01-16,Night,Pit B,3818
2025-01-16,Night,Pit C,3987
2025-01-17,Day,Pit A,4074
2025-01-17,Day,Pit B,4301
2025-01-17,Day,Pit C,5279
2025-01-17,Night,Pit A,4366
2025-01-17,Night,Pit B,4735
2025-01-17,Night,Pit C,5909
2025-01-18,Day,Pit A,4750
2025-01-18,Day,Pit B,5516
2025-01-18,Day,Pit C,4346
2025-01-18,Night,Pit A,4856
2025-01-18,Night,Pit B,4334
2025-01-18,Night,Pit C,4762
2025-01-19,Day,Pit A,5588
2025-01-19,Day,Pit B,3790
2025-01-19,Day,Pit C,5304
2025-01-19,Night,Pit A,5166
2025-01-19,Night,Pit B,4584
2025-01-19,Night,Pit C,3987
2025-01-20,Day,Pit A,5050
2025-01-20,Day,Pit B,4629
2025-01-20,Day,Pit C,5162
2025-01-20,Night,Pit A,5015
2025-01-20,Night,Pit B,6121
2025-01-20,Night,Pit C,4832
2025-01-21,Day,Pit A,4283
2025-01-21,Day,Pit B,5125
2025-01-21,Day,Pit C,5153
2025-01-21,Night,Pit A,5951
2025-01-21,Night,Pit B,5584
2025-01-21,Night,Pit C,5249
2025-01-22,Day,Pit A,6024
2025-01-22,Day,Pit B,4167
2025-01-22,Day,Pit C,4552
2025-01-22,Night,Pit A,4351
2025-01-22,Night,Pit B,4727
2025-01-22,Night,Pit C,4036
2025-01-23,Day,Pit A,5444
2025-01-23,Day,Pit B,4844
2025-01-23,Day,Pit C,3970
2025-01-23,Night,Pit A,4289
2025-01-23,Night,Pit B,5219
2025-01-23,Night,Pit C,5586
2025-01-24,Day,Pit A,6397
2025-01-24,Day,Pit B,7039
2025-01-24,Day,Pit C,5290
2025-01-24,Night,Pit A,4307
2025-01-24,Night,Pit B,3507
2025-01-24,Night,Pit C,5187
2025-01-25,Day,Pit A,4430
2025-01-25,Day,Pit B,4709
2025-01-25,Day,Pit C,4571
2025-01-25,Night,Pit A,4901
2025-01-25,Night,Pit B,5746
2025-01-25,Night,Pit C,5109
2025-01-26,Day,Pit A,4888
2025-01-26,Day,Pit B,4275
2025-01-26,Day,Pit C,3827
2025-01-26,Night,Pit A,4659
2025-01-26,Night,Pit B,4962
2025-01-26,Night,Pit C,6237
2025-01-27,Day,Pit A,5091
2025-01-27,Day,Pit B,5687
2025-01-27,Day,Pit C,4650
2025-01-27,Night,Pit A,4170
2025-01-27,Night,Pit B,4324
2025-01-27,Night,Pit C,4492
2025-01-28,Day,Pit A,6489
2025-01-28,Day,Pit B,4425
2025-01-28,Day,Pit C,5586
2025-01-28,Night,Pit A,4367
2025-01-28,Night,Pit B,5652
2025-01-28,Night,Pit C,5269
2025-01-29,Day,Pit A,4890
2025-01-29,Day,Pit B,4971
2025-01-29,Day,Pit C,4541
2025-01-29,Night,Pit A,5312
2025-01-29,Night,Pit B,4681
2025-01-29,Night,Pit C,4142
2025-01-30,Day,Pit A,4105
2025-01-30,Day,Pit B,5120
2025-01-30,Day,Pit C,6105
2025-01-30,Night,Pit A,5111
2025-01-30,Night,Pit B,4916
2025-01-30,Night,Pit C,5200
2025-01-31,Day,Pit A,5914
2025-01-31,Day,Pit B,5153
2025-01-31,Day,Pit C,4712
2025-01-31,Night,Pit A,5774
2025-01-31,Night,Pit B,5300
2025-01-31,Night,Pit C,6075
2025-02-01,Day,Pit A,5128
2025-02-01,Day,Pit B,4142
2025-02-01,Day,Pit C,4042
2025-02-01,Night,Pit A,6155
2025-02-01,Night,Pit B,6206
2025-02-01,Night,Pit C,4874
2025-02-02,Day,Pit A,4731
2025-02-02,Day,Pit B,6023
2025-02-02,Day,Pit C,4225
2025-02-02,Night,Pit A,4373
2025-02-02,Night,Pit B,5450
2025-02-02,Night,Pit C,4723
2025-02-03,Day,Pit A,4996
2025-02-03,Day,Pit B,4885
2025-02-03,Day,Pit C,5236
2025-02-03,Night,Pit A,5985
2025-02-03,Night,Pit B,5063
2025-02-03,Night,Pit C,5450
2025-02-04,Day,Pit A,3564
2025-02-04,Day,Pit B,4965
2025-02-04,Day,Pit C,4409
2025-02-04,Night,Pit A,4146
2025-02-04,Night,Pit B,4385
2025-02-04,Night,Pit C,4766
2025-02-05,Day,Pit A,5641
2025-02-05,Day,Pit B,4071
2025-02-05,Day,Pit C,5021
2025-02-05,Night,Pit A,4661
2025-02-05,Night,Pit B,4770
2025-02-05,Night,Pit C,5701
2025-02-06,Day,Pit A,5376
2025-02-06,Day,Pit B,5936
2025-02-06,Day,Pit C,4891
2025-02-06,Night,Pit A,4512
2025-02-06,Night,Pit B,4843
2025-02-06,Night,Pit C,5169
2025-02-07,Day,Pit A,5123
2025-02-07,Day,Pit B,4240
2025-02-07,Day,Pit C,5063
2025-02-07,Night,Pit A,5159
2025-02-07,Night,Pit B,6762
2025-02-07,Night,Pit C,6313
2025-02-08,Day,Pit A,4402
2025-02-08,Day,Pit B,4798
2025-02-08,Day,Pit C,3975
2025-02-08,Night,Pit A,4586
2025-02-08,Night,Pit B,5220
2025-02-08,Night,Pit C,5844
2025-02-09,Day,Pit A,4489
2025-02-09,Day,Pit B,4542
2025-02-09,Day,Pit C,3496
2025-02-09,Night,Pit A,4886
2025-02-09,Night,Pit B,4256
2025-02-09,Night,Pit C,4629
2025-02-10,Day,Pit A,4386
2025-02-10,Day,Pit B,4934
2025-02-10,Day,Pit C,3769
2025-02-10,Night,Pit A,3973
2025-02-10,Night,Pit B,6490
2025-02-10,Night,Pit C,4098
2025-02-11,Day,Pit A,4232
2025-02-11,Day,Pit B,6285
2025-02-11,Day,Pit C,7033
2025-02-11,Night,Pit A,4179
2025-02-11,Night,Pit B,4742
2025-02-11,Night,Pit C,5239
2025-02-12,Day,Pit A,6210
2025-02-12,Day,Pit B,4309
2025-02-12,Day,Pit C,4828
2025-02-12,Night,Pit A,5544
2025-02-12,Night,Pit B,5304
2025-02-12,Night,Pit C,4736
2025-02-13,Day,Pit A,4906
2025-02-13,Day,Pit B,4037
2025-02-13,Day,Pit C,4833
2025-02-13,Night,Pit A,4813
2025-02-13,Night,Pit B,5162
2025-02-13,Night,Pit C,4611
2025-02-14,Day,Pit A,5330
2025-02-14,Day,Pit B,5708
2025-02-14,Day,Pit C,5108
2025-02-14,Night,Pit A,5246
2025-02-14,Night,Pit B,5037
2025-02-14,Night,Pit C,5000
2025-02-15,Day,Pit A,4494
2025-02-15,Day,Pit B,5221
2025-02-15,Day,Pit C,4931
2025-02-15,Night,Pit A,6465
2025-02-15,Night,Pit B,6101
2025-02-15,Night,Pit C,5270
2025-02-16,Day,Pit A,4465
2025-02-16,Day,Pit B,4221
2025-02-16,Day,Pit C,5833
2025-02-16,Night,Pit A,5183
2025-02-16,Night,Pit B,5336
2025-02-16,Night,Pit C,3778
2025-02-17,Day,Pit A,5649
2025-02-17,Day,Pit B,5318
2025-02-17,Day,Pit C,4222
2025-02-17,Night,Pit A,4669
2025-02-17,Night,Pit B,5184
2025-02-17,Night,Pit C,5036
2025-02-18,Day,Pit A,4795
2025-02-18,Day,Pit B,4927
2025-02-18,Day,Pit C,4823
2025-02-18,Night,Pit A,5106
2025-02-18,Night,Pit B,6030
2025-02-18,Night,Pit C,3203
2025-02-19,Day,Pit A,4834
2025-02-19,Day,Pit B,5123
2025-02-19,Day,Pit C,5207
2025-02-19,Night,Pit A,4739
2025-02-19,Night,Pit B,3770
2025-02-19,Night,Pit C,5229
2025-02-20,Day,Pit A,6209
2025-02-20,Day,Pit B,3926
2025-02-20,Day,Pit C,5604
2025-02-20,Night,Pit A,4770
2025-02-20,Night,Pit B,4957
2025-02-20,Night,Pit C,4262
2025-02-21,Day,Pit A,4765
2025-02-21,Day,Pit B,5910
2025-02-21,Day,Pit C,5407
2025-02-21,Night,Pit A,6212
2025-02-21,Night,Pit B,5824
2025-02-21,Night,Pit C,5307
2025-02-22,Day,Pit A,6220
2025-02-22,Day,Pit B,5307
2025-02-22,Day,Pit C,5579
2025-02-22,Night,Pit A,4792
2025-02-22,Night,Pit B,5046
2025-02-22,Night,Pit C,4511
2025-02-23,Day,Pit A,5692
2025-02-23,Day,Pit B,4175
2025-02-23,Day,Pit C,5547
2025-02-23,Night,Pit A,4866
2025-02-23,Night,Pit B,5819
2025-02-23,Night,Pit C,5525
2025-02-24,Day,Pit A,6274
2025-02-24,Day,Pit B,5511
2025-02-24,Day,Pit C,3899
2025-02-24,Night,Pit A,4953
2025-02-24,Night,Pit B,4179
2025-02-24,Night,Pit C,4637
2025-02-25,Day,Pit A,6057
2025-02-25,Day,Pit B,5446
2025-02-25,Day,Pit C,4510
2025-02-25,Night,Pit A,4290
2025-02-25,Night,Pit B,5022
2025-02-25,Night,Pit C,4148
2025-02-26,Day,Pit A,4530
2025-02-26,Day,Pit B,5218
2025-02-26,Day,Pit C,5808
2025-02-26,Night,Pit A,5426
2025-02-26,Night,Pit B,3396
2025-02-26,Night,Pit C,5213
2025-02-27,Day,Pit A,5050
2025-02-27,Day,Pit B,5289
2025-02-27,Day,Pit C,6131
2025-02-27,Night,Pit A,3555
2025-02-27,Night,Pit B,4586
2025-02-27,Night,Pit C,5413
2025-02-28,Day,Pit A,3892
2025-02-28,Day,Pit B,6033
2025-02-28,Day,Pit C,5257
2025-02-28,Night,Pit A,5592
2025-02-28,Night,Pit B,4600
2025-02-28,Night,Pit C,5569
2025-03-01,Day,Pit A,5747
2025-03-01,Day,Pit B,5163
2025-03-01,Day,Pit C,5164
2025-03-01,Night,Pit A,5189
2025-03-01,Night,Pit B,4395
2025-03-01,Night,Pit C,4896
2025-03-02,Day,Pit A,4893
2025-03-02,Day,Pit B,5268
2025-03-02,Day,Pit C,5699
2025-03-02,Night,Pit A,4259
2025-03-02,Night,Pit B,4912
2025-03-02,Night,Pit C,6037
2025-03-03,Day,Pit A,4479
2025-03-03,Day,Pit B,4424
2025-03-03,Day,Pit C,5141
2025-03-03,Night,Pit A,5591
2025-03-03,Night,Pit B,5007
2025-03-03,Night,Pit C,5930
2025-03-04,Day,Pit A,5599
2025-03-04,Day,Pit B,5589
2025-03-04,Day,Pit C,5387
2025-03-04,Night,Pit A,6629
2025-03-04,Night,Pit B,4856
2025-03-04,Night,Pit C,3597
2025-03-05,Day,Pit A,6122
2025-03-05,Day,Pit B,4679
2025-03-05,Day,Pit C,5075
2025-03-05,Night,Pit A,5916
2025-03-05,Night,Pit B,3878
2025-03-05,Night,Pit C,4123
2025-03-06,Day,Pit A,3879
2025-03-06,Day,Pit B,4444
2025-03-06,Day,Pit C,5307
2025-03-06,Night,Pit A,5366
2025-03-06,Night,Pit B,5193
2025-03-06,Night,Pit C,4011
2025-03-07,Day,Pit A,3382
2025-03-07,Day,Pit B,5038
2025-03-07,Day,Pit C,4669
2025-03-07,Night,Pit A,5321
2025-03-07,Night,Pit B,5491
2025-03-07,Night,Pit C,5096
2025-03-08,Day,Pit A,5532
2025-03-08,Day,Pit B,5160
2025-03-08,Day,Pit C,5371
2025-03-08,Night,Pit A,4506
2025-03-08,Night,Pit B,4874
2025-03-08,Night,Pit C,5137
2025-03-09,Day,Pit A,5574
2025-03-09,Day,Pit B,4724
2025-03-09,Day,Pit C,5364
2025-03-09,Night,Pit A,4813
2025-03-09,Night,Pit B,4917
2025-03-09,Night,Pit C,5580
2025-03-10,Day,Pit A,3604
2025-03-10,Day,Pit B,4092
2025-03-10,Day,Pit C,3962
2025-03-10,Night,Pit A,3366
2025-03-10,Night,Pit B,4525
2025-03-10,Night,Pit C,5524
2025-03-11,Day,Pit A,4800
2025-03-11,Day,Pit B,5138
2025-03-11,Day,Pit C,5762
2025-03-11,Night,Pit A,5929
2025-03-11,Night,Pit B,4951
2025-03-11,Night,Pit C,5947
2025-03-12,Day,Pit A,5064
2025-03-12,Day,Pit B,4413
2025-03-12,Day,Pit C,4583
2025-03-12,Night,Pit A,3963
2025-03-12,Night,Pit B,4378
2025-03-12,Night,Pit C,4749
2025-03-13,Day,Pit A,5562
2025-03-13,Day,Pit B,6204
2025-03-13,Day,Pit C,4032
2025-03-13,Night,Pit A,5274
2025-03-13,Night,Pit B,4271
2025-03-13,Night,Pit C,5332
2025-03-14,Day,Pit A,4908
2025-03-14,Day,Pit B,3718
2025-03-14,Day,Pit C,5649
2025-03-14,Night,Pit A,4576
2025-03-14,Night,Pit B,4626
2025-03-14,Night,Pit C,4251
2025-03-15,Day,Pit A,4542
2025-03-15,Day,Pit B,5299
2025-03-15,Day,Pit C,4867
2025-03-15,Night,Pit A,5230
2025-03-15,Night,Pit B,5253
2025-03-15,Night,Pit C,5924
2025-03-16,Day,Pit A,4760
2025-03-16,Day,Pit B,3966
2025-03-16,Day,Pit C,5747
2025-03-16,Night,Pit A,4767
2025-03-16,Night,Pit B,5780
2025-03-16,Night,Pit C,5268
2025-03-17,Day,Pit A,4908
2025-03-17,Day,Pit B,5244
2025-03-17,Day,Pit C,6365
2025-03-17,Night,Pit A,6453
2025-03-17,Night,Pit B,5048
2025-03-17,Night,Pit C,5112
2025-03-18,Day,Pit A,5753
2025-03-18,Day,Pit B,4408
2025-03-18,Day,Pit C,5233
2025-03-18,Night,Pit A,4981
2025-03-18,Night,Pit B,5219
2025-03-18,Night,Pit C,4416
2025-03-19,Day,Pit A,3887
2025-03-19,Day,Pit B,3548
2025-03-19,Day,Pit C,4217
2025-03-19,Night,Pit A,4678
2025-03-19,Night,Pit B,4794
2025-03-19,Night,Pit C,6356
2025-03-20,Day,Pit A,5774
2025-03-20,Day,Pit B,4326
2025-03-20,Day,Pit C,5243
2025-03-20,Night,Pit A,4715
2025-03-20,Night,Pit B,4800
2025-03-20,Night,Pit C,5129
2025-03-21,Day,Pit A,5433
2025-03-21,Day,Pit B,4762
2025-03-21,Day,Pit C,5744
2025-03-21,Night,Pit A,4200
2025-03-21,Night,Pit B,5004
2025-03-21,Night,Pit C,6818
2025-03-22,Day,Pit A,5156
2025-03-22,Day,Pit B,6003
2025-03-22,Day,Pit C,5064
2025-03-22,Night,Pit A,5406
2025-03-22,Night,Pit B,4960
2025-03-22,Night,Pit C,4880
2025-03-23,Day,Pit A,4454
2025-03-23,Day,Pit B,5301
2025-03-23,Day,Pit C,4403
2025-03-23,Night,Pit A,5465
2025-03-23,Night,Pit B,5759
2025-03-23,Night,Pit C,5256
2025-03-24,Day,Pit A,4799
2025-03-24,Day,Pit B,5317
2025-03-24,Day,Pit C,4783
2025-03-24,Night,Pit A,5654
2025-03-24,Night,Pit B,3718
2025-03-24,Night,Pit C,4765
2025-03-25,Day,Pit A,3606
2025-03-25,Day,Pit B,3953
2025-03-25,Day,Pit C,5954
2025-03-25,Night,Pit A,5626
2025-03-25,Night,Pit B,4496
2025-03-25,Night,Pit C,3948
2025-03-26,Day,Pit A,2924
2025-03-26,Day,Pit B,4619
2025-03-26,Day,Pit C,6694
2025-03-26,Night,Pit A,5304
2025-03-26,Night,Pit B,4608
2025-03-26,Night,Pit C,5325
2025-03-27,Day,Pit A,3907
2025-03-27,Day,Pit B,4791
2025-03-27,Day,Pit C,5069
2025-03-27,Night,Pit A,4939
2025-03-27,Night,Pit B,5553
2025-03-27,Night,Pit C,5241
2025-03-28,Day,Pit A,5467
2025-03-28,Day,Pit B,4518
2025-03-28,Day,Pit C,5628
2025-03-28,Night,Pit A,6140
2025-03-28,Night,Pit B,4320
2025-03-28,Night,Pit C,4378
2025-03-29,Day,Pit A,5935
2025-03-29,Day,Pit B,4866
2025-03-29,Day,Pit C,5982
2025-03-29,Night,Pit A,4690
2025-03-29,Night,Pit B,6018
2025-03-29,Night,Pit C,5092
2025-03-30,Day,Pit A,5180
2025-03-30,Day,Pit B,6095
2025-03-30,Day,Pit C,4746
2025-03-30,Night,Pit A,4341
2025-03-30,Night,Pit B,4686
2025-03-30,Night,Pit C,5316
2025-03-31,Day,Pit A,3903
2025-03-31,Day,Pit B,5446
2025-03-31,Day,Pit C,4622
2025-03-31,Night,Pit A,5803
2025-03-31,Night,Pit B,3324
2025-03-31,Night,Pit C,4449
2025-04-01,Day,Pit A,3819
2025-04-01,Day,Pit B,4421
2025-04-01,Day,Pit C,5173
2025-04-01,Night,Pit A,4874
2025-04-01,Night,Pit B,4822
2025-04-01,Night,Pit C,4888
2025-04-02,Day,Pit A,5142
2025-04-02,Day,Pit B,4294
2025-04-02,Day,Pit C,5494
2025-04-02,Night,Pit A,5463
2025-04-02,Night,Pit B,5269
2025-04-02,Night,Pit C,5389
2025-04-03,Day,Pit A,5207
2025-04-03,Day,Pit B,6424
2025-04-03,Day,Pit C,4939
2025-04-03,Night,Pit A,4785
2025-04-03,Night,Pit B,4472
2025-04-03,Night,Pit C,4277
2025-04-04,Day,Pit A,4128
2025-04-04,Day,Pit B,4377
2025-04-04,Day,Pit C,4950
2025-04-04,Night,Pit A,5234
2025-04-04,Night,Pit B,5035
2025-04-04,Night,Pit C,4464
2025-04-05,Day,Pit A,5630
2025-04-05,Day,Pit B,5517
2025-04-05,Day,Pit C,4888
2025-04-05,Night,Pit A,4542
2025-04-05,Night,Pit B,5383
2025-04-05,Night,Pit C,5131
2025-04-06,Day,Pit A,3986
2025-04-06,Day,Pit B,4952
2025-04-06,Day,Pit C,5183
2025-04-06,Night,Pit A,4370
2025-04-06,Night,Pit B,5132
2025-04-06,Night,Pit C,3981
2025-04-07,Day,Pit A,5935
2025-04-07,Day,Pit B,5873
2025-04-07,Day,Pit C,4823
2025-04-07,Night,Pit A,5254
2025-04-07,Night,Pit B,3313
2025-04-07,Night,Pit C,4190
2025-04-08,Day,Pit A,4794
2025-04-08,Day,Pit B,4249
2025-04-08,Day,Pit C,5500
2025-04-08,Night,Pit A,6398
2025-04-08,Night,Pit B,4176
2025-04-08,Night,Pit C,4413
2025-04-09,Day,Pit A,5164
2025-04-09,Day,Pit B,6127
2025-04-09,Day,Pit C,4144
2025-04-09,Night,Pit A,5174
2025-04-09,Night,Pit B,6274
2025-04-09,Night,Pit C,3843
2025-04-10,Day,Pit A,4103
2025-04-10,Day,Pit B,4703
2025-04-10,Day,Pit C,4635
2025-04-10,Night,Pit A,5568
2025-04-10,Night,Pit B,5169
2025-04-10,Night,Pit C,3757
2025-04-11,Day,Pit A,5360
2025-04-11,Day,Pit B,4595
2025-04-11,Day,Pit C,5892
2025-04-11,Night,Pit A,4560
2025-04-11,Night,Pit B,4554
2025-04-11,Night,Pit C,5378
2025-04-12,Day,Pit A,5534
2025-04-12,Day,Pit B,5313
2025-04-12,Day,Pit C,3820
2025-04-12,Night,Pit A,5376
2025-04-12,Night,Pit B,4275
2025-04-12,Night,Pit C,5164
2025-04-13,Day,Pit A,4003
2025-04-13,Day,Pit B,5312
2025-04-13,Day,Pit C,4435
2025-04-13,Night,Pit A,4102
2025-04-13,Night,Pit B,5499
2025-04-13,Night,Pit C,5169
2025-04-14,Day,Pit A,4570
2025-04-14,Day,Pit B,6015
2025-04-14,Day,Pit C,4691
2025-04-14,Night,Pit A,5022
2025-04-14,Night,Pit B,5188
2025-04-14,Night,Pit C,4566
2025-04-15,Day,Pit A,5329
2025-04-15,Day,Pit B,4626
2025-04-15,Day,Pit C,4711
2025-04-15,Night,Pit A,5953
2025-04-15,Night,Pit B,4271
2025-04-15,Night,Pit C,3311
2025-04-16,Day,Pit A,6127
2025-04-16,Day,Pit B,6784
2025-04-16,Day,Pit C,4716
2025-04-16,Night,Pit A,3644
2025-04-16,Night,Pit B,4782
2025-04-16,Night,Pit C,4799
2025-04-17,Day,Pit A,4867
2025-04-17,Day,Pit B,4220
2025-04-17,Day,Pit C,5405
2025-04-17,Night,Pit A,5367
2025-04-17,Night,Pit B,3953
2025-04-17,Night,Pit C,5489
2025-04-18,Day,Pit A,6436
2025-04-18,Day,Pit B,5120
2025-04-18,Day,Pit C,4763
2025-04-18,Night,Pit A,4900
2025-04-18,Night,Pit B,5430
2025-04-18,Night,Pit C,3788
2025-04-19,Day,Pit A,5115
2025-04-19,Day,Pit B,4726
2025-04-19,Day,Pit C,6293
2025-04-19,Night,Pit A,4878
2025-04-19,Night,Pit B,6167
2025-04-19,Night,Pit C,4227
2025-04-20,Day,Pit A,5411
2025-04-20,Day,Pit B,5223
2025-04-20,Day,Pit C,4391
2025-04-20,Night,Pit A,5124
2025-04-20,Night,Pit B,5848
2025-04-20,Night,Pit C,4773
2025-04-21,Day,Pit A,3815
2025-04-21,Day,Pit B,4987
2025-04-21,Day,Pit C,4368
2025-04-21,Night,Pit A,4760
2025-04-21,Night,Pit B,4942
2025-04-21,Night,Pit C,3806
2025-04-22,Day,Pit A,3869
2025-04-22,Day,Pit B,5337
2025-04-22,Day,Pit C,4634
2025-04-22,Night,Pit A,3204
2025-04-22,Night,Pit B,5549
2025-04-22,Night,Pit C,5190
2025-04-23,Day,Pit A,4500
2025-04-23,Day,Pit B,4078
2025-04-23,Day,Pit C,5585
2025-04-23,Night,Pit A,5244
2025-04-23,Night,Pit B,6667
2025-04-23,Night,Pit C,5294
2025-04-24,Day,Pit A,5271
2025-04-24,Day,Pit B,4883
2025-04-24,Day,Pit C,5571
2025-04-24,Night,Pit A,5437
2025-04-24,Night,Pit B,5876
2025-04-24,Night,Pit C,4635
2025-04-25,Day,Pit A,4695
2025-04-25,Day,Pit B,4664
2025-04-25,Day,Pit C,5553
2025-04-25,Night,Pit A,6048
2025-04-25,Night,Pit B,4678
2025-04-25,Night,Pit C,4702
2025-04-26,Day,Pit A,5219
2025-04-26,Day,Pit B,4827
2025-04-26,Day,Pit C,5666
2025-04-26,Night,Pit A,3423
2025-04-26,Night,Pit B,4421
2025-04-26,Night,Pit C,4452
2025-04-27,Day,Pit A,3375
2025-04-27,Day,Pit B,4325
2025-04-27,Day,Pit C,4359
2025-04-27,Night,Pit A,4859
2025-04-27,Night,Pit B,5779
2025-04-27,Night,Pit C,4828
2025-04-28,Day,Pit A,4278
2025-04-28,Day,Pit B,4960
2025-04-28,Day,Pit C,5734
2025-04-28,Night,Pit A,4316
2025-04-28,Night,Pit B,4362
2025-04-28,Night,Pit C,5390
2025-04-29,Day,Pit A,4844
2025-04-29,Day,Pit B,5453
2025-04-29,Day,Pit C,4990
2025-04-29,Night,Pit A,5491
2025-04-29,Night,Pit B,4275
2025-04-29,Night,Pit C,4991
2025-04-30,Day,Pit A,4852
2025-04-30,Day,Pit B,4148
2025-04-30,Day,Pit C,3905
2025-04-30,Night,Pit A,5480
2025-04-30,Night,Pit B,4754
2025-04-30,Night,Pit C,4284
2025-05-01,Day,Pit A,4932
2025-05-01,Day,Pit B,5789
2025-05-01,Day,Pit C,3403
2025-05-01,Night,Pit A,3952
2025-05-01,Night,Pit B,4353
2025-05-01,Night,Pit C,6022
2025-05-02,Day,Pit A,5197
2025-05-02,Day,Pit B,5537
2025-05-02,Day,Pit C,4201
2025-05-02,Night,Pit A,4216
2025-05-02,Night,Pit B,5313
2025-05-02,Night,Pit C,5040
2025-05-03,Day,Pit A,5384
2025-05-03,Day,Pit B,4868
2025-05-03,Day,Pit C,5194
2025-05-03,Night,Pit A,5110
2025-05-03,Night,Pit B,5544
2025-05-03,Night,Pit C,5564
2025-05-04,Day,Pit A,3866
2025-05-04,Day,Pit B,3426
2025-05-04,Day,Pit C,5701
2025-05-04,Night,Pit A,5831
2025-05-04,Night,Pit B,4285
2025-05-04,Night,Pit C,3698
2025-05-05,Day,Pit A,5069
2025-05-05,Day,Pit B,5651
2025-05-05,Day,Pit C,6258
2025-05-05,Night,Pit A,5361
2025-05-05,Night,Pit B,4739
2025-05-05,Night,Pit C,4374
2025-05-06,Day,Pit A,5008
2025-05-06,Day,Pit B,4790
2025-05-06,Day,Pit C,4289
2025-05-06,Night,Pit A,6434
2025-05-06,Night,Pit B,6249
2025-05-06,Night,Pit C,5795
2025-05-07,Day,Pit A,4355
2025-05-07,Day,Pit B,5598
2025-05-07,Day,Pit C,5447
2025-05-07,Night,Pit A,5309
2025-05-07,Night,Pit B,5874
2025-05-07,Night,Pit C,5444
2025-05-08,Day,Pit A,5518
2025-05-08,Day,Pit B,5445
2025-05-08,Day,Pit C,5238
2025-05-08,Night,Pit A,3751
2025-05-08,Night,Pit B,5058
2025-05-08,Night,Pit C,4610
2025-05-09,Day,Pit A,4104
2025-05-09,Day,Pit B,6177
2025-05-09,Day,Pit C,6210
2025-05-09,Night,Pit A,5951
2025-05-09,Night,Pit B,5178
2025-05-09,Night,Pit C,5945
2025-05-10,Day,Pit A,5008
2025-05-10,Day,Pit B,5141
2025-05-10,Day,Pit C,4234
2025-05-10,Night,Pit A,5277
2025-05-10,Night,Pit B,5042
2025-05-10,Night,Pit C,4088
2025-05-11,Day,Pit A,4964
2025-05-11,Day,Pit B,4944
2025-05-11,Day,Pit C,6258
2025-05-11,Night,Pit A,5625
2025-05-11,Night,Pit B,5008
2025-05-11,Night,Pit C,5174
2025-05-12,Day,Pit A,5030
2025-05-12,Day,Pit B,4857
2025-05-12,Day,Pit C,4242
2025-05-12,Night,Pit A,4894
2025-05-12,Night,Pit B,4477
2025-05-12,Night,Pit C,4124
2025-05-13,Day,Pit A,5357
2025-05-13,Day,Pit B,5273
2025-05-13,Day,Pit C,3749
2025-05-13,Night,Pit A,4914
2025-05-13,Night,Pit B,5696
2025-05-13,Night,Pit C,5741
2025-05-14,Day,Pit A,5718
2025-05-14,Day,Pit B,5027
2025-05-14,Day,Pit C,4408
2025-05-14,Night,Pit A,4241
2025-05-14,Night,Pit B,5241
2025-05-14,Night,Pit C,5265
2025-05-15,Day,Pit A,5901
2025-05-15,Day,Pit B,5769
2025-05-15,Day,Pit C,4907
2025-05-15,Night,Pit A,4129
2025-05-15,Night,Pit B,4776
2025-05-15,Night,Pit C,5152
2025-05-16,Day,Pit A,4858
2025-05-16,Day,Pit B,4595
2025-05-16,Day,Pit C,5177
2025-05-16,Night,Pit A,4647
2025-05-16,Night,Pit B,4560
2025-05-16,Night,Pit C,5218
2025-05-17,Day,Pit A,4718
2025-05-17,Day,Pit B,5170
2025-05-17,Day,Pit C,5191
2025-05-17,Night,Pit A,4202
2025-05-17,Night,Pit B,4663
2025-05-17,Night,Pit C,6006
2025-05-18,Day,Pit A,4186
2025-05-18,Day,Pit B,3518
2025-05-18,Day,Pit C,3696
2025-05-18,Night,Pit A,5020
2025-05-18,Night,Pit B,5021
2025-05-18,Night,Pit C,4917
2025-05-19,Day,Pit A,5849
2025-05-19,Day,Pit B,3129
2025-05-19,Day,Pit C,5277
2025-05-19,Night,Pit A,6093
2025-05-19,Night,Pit B,4210
2025-05-19,Night,Pit C,4734
2025-05-20,Day,Pit A,4472
2025-05-20,Day,Pit B,4373
2025-05-20,Day,Pit C,4771
2025-05-20,Night,Pit A,5999
2025-05-20,Night,Pit B,6286
2025-05-20,Night,Pit C,4764
2025-05-21,Day,Pit A,6333
2025-05-21,Day,Pit B,5024
2025-05-21,Day,Pit C,6227
2025-05-21,Night,Pit A,4934
2025-05-21,Night,Pit B,5091
2025-05-21,Night,Pit C,5255
2025-05-22,Day,Pit A,7225
2025-05-22,Day,Pit B,5595
2025-05-22,Day,Pit C,4504
2025-05-22,Night,Pit A,5678
2025-05-22,Night,Pit B,4746
2025-05-22,Night,Pit C,4657
2025-05-23,Day,Pit A,5636
2025-05-23,Day,Pit B,5021
2025-05-23,Day,Pit C,5195
2025-05-23,Night,Pit A,5009
2025-05-23,Night,Pit B,5235
2025-05-23,Night,Pit C,5297
2025-05-24,Day,Pit A,3644
2025-05-24,Day,Pit B,5466
2025-05-24,Day,Pit C,4312
2025-05-24,Night,Pit A,3990
2025-05-24,Night,Pit B,4959
2025-05-24,Night,Pit C,5058
2025-05-25,Day,Pit A,4514
2025-05-25,Day,Pit B,5581
2025-05-25,Day,Pit C,4060
2025-05-25,Night,Pit A,4715
2025-05-25,Night,Pit B,4590
2025-05-25,Night,Pit C,4967
2025-05-26,Day,Pit A,5195
2025-05-26,Day,Pit B,4294
2025-05-26,Day,Pit C,5506
2025-05-26,Night,Pit A,5044
2025-05-26,Night,Pit B,3675
2025-05-26,Night,Pit C,3628
2025-05-27,Day,Pit A,4991
2025-05-27,Day,Pit B,4845
2025-05-27,Day,Pit C,4927
2025-05-27,Night,Pit A,4980
2025-05-27,Night,Pit B,5157
2025-05-27,Night,Pit C,5663
2025-05-28,Day,Pit A,4222
2025-05-28,Day,Pit B,4179
2025-05-28,Day,Pit C,4234
2025-05-28,Night,Pit A,5202
2025-05-28,Night,Pit B,5871
2025-05-28,Night,Pit C,4698
2025-05-29,Day,Pit A,3248
2025-05-29,Day,Pit B,3807
2025-05-29,Day,Pit C,4416
2025-05-29,Night,Pit A,4609
2025-05-29,Night,Pit B,4714
2025-05-29,Night,Pit C,5027
2025-05-30,Day,Pit A,4781
2025-05-30,Day,Pit B,5734
2025-05-30,Day,Pit C,4526
2025-05-30,Night,Pit A,4396
2025-05-30,Night,Pit B,5335
2025-05-30,Night,Pit C,3925
2025-05-31,Day,Pit A,5272
2025-05-31,Day,Pit B,5071
2025-05-31,Day,Pit C,4896
2025-05-31,Night,Pit A,6111
2025-05-31,Night,Pit B,4564
2025-05-31,Night,Pit C,6442
2025-06-01,Day,Pit A,4842
2025-06-01,Day,Pit B,4106
2025-06-01,Day,Pit C,5048
2025-06-01,Night,Pit A,4246
2025-06-01,Night,Pit B,4473
2025-06-01,Night,Pit C,5277
2025-06-02,Day,Pit A,5388
2025-06-02,Day,Pit B,4564
2025-06-02,Day,Pit C,5691
2025-06-02,Night,Pit A,5810
2025-06-02,Night,Pit B,6005
2025-06-02,Night,Pit C,5370
2025-06-03,Day,Pit A,5954
2025-06-03,Day,Pit B,3683
2025-06-03,Day,Pit C,4777
2025-06-03,Night,Pit A,4393
2025-06-03,Night,Pit B,5083
2025-06-03,Night,Pit C,4599
2025-06-04,Day,Pit A,4883
2025-06-04,Day,Pit B,6317
2025-06-04,Day,Pit C,4881
2025-06-04,Night,Pit A,5289
2025-06-04,Night,Pit B,4837
2025-06-04,Night,Pit C,5052
2025-06-05,Day,Pit A,5004
2025-06-05,Day,Pit B,5313
2025-06-05,Day,Pit C,5815
2025-06-05,Night,Pit A,6153
2025-06-05,Night,Pit B,5216
2025-06-05,Night,Pit C,5412
2025-06-06,Day,Pit A,4194
2025-06-06,Day,Pit B,4938
2025-06-06,Day,Pit C,5658
2025-06-06,Night,Pit A,5606
2025-06-06,Night,Pit B,5148
2025-06-06,Night,Pit C,5620
2025-06-07,Day,Pit A,5343
2025-06-07,Day,Pit B,5840
2025-06-07,Day,Pit C,5202
2025-06-07,Night,Pit A,4751
2025-06-07,Night,Pit B,5235
2025-06-07,Night,Pit C,2948
2025-06-08,Day,Pit A,5268
2025-06-08,Day,Pit B,2500
2025-06-08,Day,Pit C,3793
2025-06-08,Night,Pit A,5316
2025-06-08,Night,Pit B,5334
2025-06-08,Night,Pit C,4186
2025-06-09,Day,Pit A,4501
2025-06-09,Day,Pit B,5959
2025-06-09,Day,Pit C,4661
2025-06-09,Night,Pit A,6570
2025-06-09,Night,Pit B,4998
2025-06-09,Night,Pit C,5285
2025-06-10,Day,Pit A,6131
2025-06-10,Day,Pit B,5091
2025-06-10,Day,Pit C,4298
2025-06-10,Night,Pit A,4923
2025-06-10,Night,Pit B,4975
2025-06-10,Night,Pit C,4044
2025-06-11,Day,Pit A,4820
2025-06-11,Day,Pit B,4480
2025-06-11,Day,Pit C,5647
2025-06-11,Night,Pit A,5024
2025-06-11,Night,Pit B,4802
2025-06-11,Night,Pit C,4925
2025-06-12,Day,Pit A,5156
2025-06-12,Day,Pit B,5431
2025-06-12,Day,Pit C,4300
2025-06-12,Night,Pit A,4270
2025-06-12,Night,Pit B,5773
2025-06-12,Night,Pit C,4711
2025-06-13,Day,Pit A,4008
2025-06-13,Day,Pit B,5310
2025-06-13,Day,Pit C,5324
2025-06-13,Night,Pit A,3928
2025-06-13,Night,Pit B,5160
2025-06-13,Night,Pit C,5514
2025-06-14,Day,Pit A,5262
2025-06-14,Day,Pit B,5442
2025-06-14,Day,Pit C,4017
2025-06-14,Night,Pit A,5231
2025-06-14,Night,Pit B,4788
2025-06-14,Night,Pit C,4662
2025-06-15,Day,Pit A,5609
2025-06-15,Day,Pit B,6035
2025-06-15,Day,Pit C,6256
2025-06-15,Night,Pit A,5920
2025-06-15,Night,Pit B,4923
2025-06-15,Night,Pit C,5246
2025-06-16,Day,Pit A,5536
2025-06-16,Day,Pit B,5084
2025-06-16,Day,Pit C,5091
2025-06-16,Night,Pit A,5576
2025-06-16,Night,Pit B,4958
2025-06-16,Night,Pit C,4489
2025-06-17,Day,Pit A,4709
2025-06-17,Day,Pit B,5443
2025-06-17,Day,Pit C,5002
2025-06-17,Night,Pit A,5238
2025-06-17,Night,Pit B,5469
2025-06-17,Night,Pit C,4737
2025-06-18,Day,Pit A,5529
2025-06-18,Day,Pit B,5265
2025-06-18,Day,Pit C,4135
2025-06-18,Night,Pit A,6009
2025-06-18,Night,Pit B,4649
2025-06-18,Night,Pit C,3841
2025-06-19,Day,Pit A,4268
2025-06-19,Day,Pit B,4285
2025-06-19,Day,Pit C,5036
2025-06-19,Night,Pit A,4808
2025-06-19,Night,Pit B,4764
2025-06-19,Night,Pit C,5433
2025-06-20,Day,Pit A,5237
2025-06-20,Day,Pit B,5221
2025-06-20,Day,Pit C,5286
2025-06-20,Night,Pit A,5431
2025-06-20,Night,Pit B,3524
2025-06-20,Night,Pit C,4744
2025-06-21,Day,Pit A,3473
2025-06-21,Day,Pit B,5025
2025-06-21,Day,Pit C,4996
2025-06-21,Night,Pit A,5731
2025-06-21,Night,Pit B,5831
2025-06-21,Night,Pit C,5141
2025-06-22,Day,Pit A,4649
2025-06-22,Day,Pit B,5339
2025-06-22,Day,Pit C,4630
2025-06-22,Night,Pit A,4999
2025-06-22,Night,Pit B,5690
2025-06-22,Night,Pit C,4609
2025-06-23,Day,Pit A,5563
2025-06-23,Day,Pit B,5474
2025-06-23,Day,Pit C,4331
2025-06-23,Night,Pit A,5681
2025-06-23,Night,Pit B,5488
2025-06-23,Night,Pit C,5071
2025-06-24,Day,Pit A,4466
2025-06-24,Day,Pit B,4398
2025-06-24,Day,Pit C,4623
2025-06-24,Night,Pit A,5379
2025-06-24,Night,Pit B,4331
2025-06-24,Night,Pit C,5306
2025-06-25,Day,Pit A,4130
2025-06-25,Day,Pit B,4857
2025-06-25,Day,Pit C,5076
2025-06-25,Night,Pit A,6711
2025-06-25,Night,Pit B,4035
2025-06-25,Night,Pit C,6030
2025-06-26,Day,Pit A,5104
2025-06-26,Day,Pit B,5287
2025-06-26,Day,Pit C,5082
2025-06-26,Night,Pit A,5311
2025-06-26,Night,Pit B,4892
2025-06-26,Night,Pit C,6017
2025-06-27,Day,Pit A,4680
2025-06-27,Day,Pit B,5792
2025-06-27,Day,Pit C,4548
2025-06-27,Night,Pit A,4957
2025-06-27,Night,Pit B,4249
2025-06-27,Night,Pit C,5318
2025-06-28,Day,Pit A,6011
2025-06-28,Day,Pit B,4945
2025-06-28,Day,Pit C,4862
2025-06-28,Night,Pit A,4219
2025-06-28,Night,Pit B,4839
2025-06-28,Night,Pit C,3885
2025-06-29,Day,Pit A,4360
2025-06-29,Day,Pit B,5158
2025-06-29,Day,Pit C,5923
2025-06-29,Night,Pit A,6966
2025-06-29,Night,Pit B,4589
2025-06-29,Night,Pit C,6004
2025-06-30,Day,Pit A,5170
2025-06-30,Day,Pit B,4894
2025-06-30,Day,Pit C,5302
2025-06-30,Night,Pit A,5043
2025-06-30,Night,Pit B,5077
2025-06-30,Night,Pit C,4714
2025-07-01,Day,Pit A,4021
2025-07-01,Day,Pit B,3919
2025-07-01,Day,Pit C,5457
2025-07-01,Night,Pit A,4806
2025-07-01,Night,Pit B,4582
2025-07-01,Night,Pit C,5005
2025-07-02,Day,Pit A,5556
2025-07-02,Day,Pit B,5126
2025-07-02,Day,Pit C,4540
2025-07-02,Night,Pit A,5858
2025-07-02,Night,Pit B,6105
2025-07-02,Night,Pit C,5346
2025-07-03,Day,Pit A,5681
2025-07-03,Day,Pit B,5869
2025-07-03,Day,Pit C,5791
2025-07-03,Night,Pit A,5429
2025-07-03,Night,Pit B,5418
2025-07-03,Night,Pit C,5363
2025-07-04,Day,Pit A,4231
2025-07-04,Day,Pit B,5490
2025-07-04,Day,Pit C,4050
2025-07-04,Night,Pit A,4443
2025-07-04,Night,Pit B,5912
2025-07-04,Night,Pit C,5588
2025-07-05,Day,Pit A,6041
2025-07-05,Day,Pit B,4809
2025-07-05,Day,Pit C,4193
2025-07-05,Night,Pit A,4831
2025-07-05,Night,Pit B,5071
2025-07-05,Night,Pit C,5055
2025-07-06,Day,Pit A,5793
2025-07-06,Day,Pit B,4747
2025-07-06,Day,Pit C,5246
2025-07-06,Night,Pit A,4307
2025-07-06,Night,Pit B,5315
2025-07-06,Night,Pit C,5002
2025-07-07,Day,Pit A,4475
2025-07-07,Day,Pit B,4834
2025-07-07,Day,Pit C,4871
2025-07-07,Night,Pit A,4810
2025-07-07,Night,Pit B,6239
2025-07-07,Night,Pit C,4931
2025-07-08,Day,Pit A,4829
2025-07-08,Day,Pit B,3531
2025-07-08,Day,Pit C,4374
2025-07-08,Night,Pit A,4815
2025-07-08,Night,Pit B,4519
2025-07-08,Night,Pit C,5967
2025-07-09,Day,Pit A,4884
2025-07-09,Day,Pit B,5901
2025-07-09,Day,Pit C,5043
2025-07-09,Night,Pit A,5026
2025-07-09,Night,Pit B,4937
2025-07-09,Night,Pit C,5002
2025-07-10,Day,Pit A,6203
2025-07-10,Day,Pit B,3376
2025-07-10,Day,Pit C,3598
2025-07-10,Night,Pit A,4619
2025-07-10,Night,Pit B,5010
2025-07-10,Night,Pit C,5483
2025-07-11,Day,Pit A,5331
2025-07-11,Day,Pit B,4731
2025-07-11,Day,Pit C,5713
2025-07-11,Night,Pit A,5721
2025-07-11,Night,Pit B,5128
2025-07-11,Night,Pit C,5673
2025-07-12,Day,Pit A,5190
2025-07-12,Day,Pit B,4606
2025-07-12,Day,Pit C,5488
2025-07-12,Night,Pit A,5077
2025-07-12,Night,Pit B,5000
2025-07-12,Night,Pit C,6031
2025-07-13,Day,Pit A,3284
2025-07-13,Day,Pit B,4007
2025-07-13,Day,Pit C,4169
2025-07-13,Night,Pit A,4745
2025-07-13,Night,Pit B,4821
2025-07-13,Night,Pit C,3944
2025-07-14,Day,Pit A,4310
2025-07-14,Day,Pit B,4397
2025-07-14,Day,Pit C,6720
2025-07-14,Night,Pit A,6261
2025-07-14,Night,Pit B,4711
2025-07-14,Night,Pit C,4745
2025-07-15,Day,Pit A,4195
2025-07-15,Day,Pit B,3664
2025-07-15,Day,Pit C,4918
2025-07-15,Night,Pit A,4301
2025-07-15,Night,Pit B,4940
2025-07-15,Night,Pit C,3879
2025-07-16,Day,Pit A,4466
2025-07-16,Day,Pit B,5104
2025-07-16,Day,Pit C,5256
2025-07-16,Night,Pit A,5292
2025-07-16,Night,Pit B,4075
2025-07-16,Night,Pit C,5598
2025-07-17,Day,Pit A,4439
2025-07-17,Day,Pit B,5443
2025-07-17,Day,Pit C,4992
2025-07-17,Night,Pit A,4036
2025-07-17,Night,Pit B,4778
2025-07-17,Night,Pit C,5255
2025-07-18,Day,Pit A,5429
2025-07-18,Day,Pit B,4901
2025-07-18,Day,Pit C,6072
2025-07-18,Night,Pit A,5705
2025-07-18,Night,Pit B,4820
2025-07-18,Night,Pit C,5525
2025-07-19,Day,Pit A,6353
2025-07-19,Day,Pit B,6372
2025-07-19,Day,Pit C,4140
2025-07-19,Night,Pit A,4351
2025-07-19,Night,Pit B,6039
2025-07-19,Night,Pit C,4259
2025-07-20,Day,Pit A,4074
2025-07-20,Day,Pit B,4659
2025-07-20,Day,Pit C,5294
2025-07-20,Night,Pit A,4928
2025-07-20,Night,Pit B,4544
2025-07-20,Night,Pit C,4528
2025-07-21,Day,Pit A,4501
2025-07-21,Day,Pit B,4384
2025-07-21,Day,Pit C,6597
2025-07-21,Night,Pit A,5208
2025-07-21,Night,Pit B,5620
2025-07-21,Night,Pit C,4657
2025-07-22,Day,Pit A,4869
2025-07-22,Day,Pit B,4500
2025-07-22,Day,Pit C,3143
2025-07-22,Night,Pit A,4035
2025-07-22,Night,Pit B,3732
2025-07-22,Night,Pit C,3425
2025-07-23,Day,Pit A,4163
2025-07-23,Day,Pit B,5927
2025-07-23,Day,Pit C,4968
2025-07-23,Night,Pit A,5903
2025-07-23,Night,Pit B,5287
2025-07-23,Night,Pit C,5547
2025-07-24,Day,Pit A,4369
2025-07-24,Day,Pit B,5366
2025-07-24,Day,Pit C,5510
2025-07-24,Night,Pit A,4596
2025-07-24,Night,Pit B,5391
2025-07-24,Night,Pit C,5396
2025-07-25,Day,Pit A,4615
2025-07-25,Day,Pit B,4214
2025-07-25,Day,Pit C,4171
2025-07-25,Night,Pit A,5060
2025-07-25,Night,Pit B,5228
2025-07-25,Night,Pit C,4445
2025-07-26,Day,Pit A,5018
2025-07-26,Day,Pit B,5399
2025-07-26,Day,Pit C,5432
2025-07-26,Night,Pit A,6086
2025-07-26,Night,Pit B,5893
2025-07-26,Night,Pit C,4299
2025-07-27,Day,Pit A,6178
2025-07-27,Day,Pit B,4628
2025-07-27,Day,Pit C,5731
2025-07-27,Night,Pit A,5047
2025-07-27,Night,Pit B,4711
2025-07-27,Night,Pit C,3734
2025-07-28,Day,Pit A,4879
2025-07-28,Day,Pit B,3908
2025-07-28,Day,Pit C,5677
2025-07-28,Night,Pit A,6061
2025-07-28,Night,Pit B,4442
2025-07-28,Night,Pit C,5211
2025-07-29,Day,Pit A,4492
2025-07-29,Day,Pit B,4560
2025-07-29,Day,Pit C,5542
2025-07-29,Night,Pit A,4973
2025-07-29,Night,Pit B,6217
2025-07-29,Night,Pit C,4662
2025-07-30,Day,Pit A,5699
2025-07-30,Day,Pit B,5068
2025-07-30,Day,Pit C,5557
2025-07-30,Night,Pit A,4686
2025-07-30,Night,Pit B,4965
2025-07-30,Night,Pit C,4919
2025-07-31,Day,Pit A,4414
2025-07-31,Day,Pit B,5463
2025-07-31,Day,Pit C,5455
2025-07-31,Night,Pit A,5415
2025-07-31,Night,Pit B,6075
2025-07-31,Night,Pit C,6014
2025-08-01,Day,Pit A,4737
2025-08-01,Day,Pit B,5261
2025-08-01,Day,Pit C,4563
2025-08-01,Night,Pit A,5016
2025-08-01,Night,Pit B,4580
2025-08-01,Night,Pit C,6134
2025-08-02,Day,Pit A,5254
2025-08-02,Day,Pit B,4847
2025-08-02,Day,Pit C,5835
2025-08-02,Night,Pit A,3480
2025-08-02,Night,Pit B,3590
2025-08-02,Night,Pit C,5557
2025-08-03,Day,Pit A,5042
2025-08-03,Day,Pit B,5175
2025-08-03,Day,Pit C,4071
2025-08-03,Night,Pit A,4983
2025-08-03,Night,Pit B,6402
2025-08-03,Night,Pit C,5576
2025-08-04,Day,Pit A,5118
2025-08-04,Day,Pit B,4692
2025-08-04,Day,Pit C,4723
2025-08-04,Night,Pit A,3509
2025-08-04,Night,Pit B,5180
2025-08-04,Night,Pit C,5591
2025-08-05,Day,Pit A,3897
2025-08-05,Day,Pit B,4537
2025-08-05,Day,Pit C,4189
2025-08-05,Night,Pit A,4324
2025-08-05,Night,Pit B,5037
2025-08-05,Night,Pit C,3540
2025-08-06,Day,Pit A,5429
2025-08-06,Day,Pit B,5527
2025-08-06,Day,Pit C,4824
2025-08-06,Night,Pit A,3263
2025-08-06,Night,Pit B,4302
2025-08-06,Night,Pit C,5863
2025-08-07,Day,Pit A,3055
2025-08-07,Day,Pit B,4756
2025-08-07,Day,Pit C,4173
2025-08-07,Night,Pit A,5563
2025-08-07,Night,Pit B,4527
2025-08-07,Night,Pit C,5282
2025-08-08,Day,Pit A,5395
2025-08-08,Day,Pit B,6285
2025-08-08,Day,Pit C,4857
2025-08-08,Night,Pit A,5263
2025-08-08,Night,Pit B,3960
2025-08-08,Night,Pit C,5833
2025-08-09,Day,Pit A,4467
2025-08-09,Day,Pit B,4607
2025-08-09,Day,Pit C,4984
2025-08-09,Night,Pit A,3905
2025-08-09,Night,Pit B,5160
2025-08-09,Night,Pit C,5677
2025-08-10,Day,Pit A,5205
2025-08-10,Day,Pit B,3887
2025-08-10,Day,Pit C,4913
2025-08-10,Night,Pit A,5519
2025-08-10,Night,Pit B,3685
2025-08-10,Night,Pit C,4247
2025-08-11,Day,Pit A,5613
2025-08-11,Day,Pit B,5189
2025-08-11,Day,Pit C,5288
2025-08-11,Night,Pit A,6301
2025-08-11,Night,Pit B,5327
2025-08-11,Night,Pit C,5460
2025-08-12,Day,Pit A,6897
2025-08-12,Day,Pit B,4850
2025-08-12,Day,Pit C,4441
2025-08-12,Night,Pit A,5299
2025-08-12,Night,Pit B,5307
2025-08-12,Night,Pit C,4631
2025-08-13,Day,Pit A,4277
2025-08-13,Day,Pit B,6616
2025-08-13,Day,Pit C,5228
2025-08-13,Night,Pit A,4487
2025-08-13,Night,Pit B,5641
2025-08-13,Night,Pit C,4923
2025-08-14,Day,Pit A,4822
2025-08-14,Day,Pit B,5393
2025-08-14,Day,Pit C,4095
2025-08-14,Night,Pit A,5246
2025-08-14,Night,Pit B,6339
2025-08-14,Night,Pit C,5326
2025-08-15,Day,Pit A,4736
2025-08-15,Day,Pit B,4645
2025-08-15,Day,Pit C,4712
2025-08-15,Night,Pit A,4822
2025-08-15,Night,Pit B,4735
2025-08-15,Night,Pit C,5641
2025-08-16,Day,Pit A,3786
2025-08-16,Day,Pit B,5603
2025-08-16,Day,Pit C,4734
2025-08-16,Night,Pit A,5263
2025-08-16,Night,Pit B,4211
2025-08-16,Night,Pit C,5930
2025-08-17,Day,Pit A,5871
2025-08-17,Day,Pit B,5671
2025-08-17,Day,Pit C,3939
2025-08-17,Night,Pit A,5580
2025-08-17,Night,Pit B,5283
2025-08-17,Night,Pit C,3876
2025-08-18,Day,Pit A,4982
2025-08-18,Day,Pit B,5255
2025-08-18,Day,Pit C,5389
2025-08-18,Night,Pit A,5124
2025-08-18,Night,Pit B,5203
2025-08-18,Night,Pit C,6031
2025-08-19,Day,Pit A,5858
2025-08-19,Day,Pit B,2993
2025-08-19,Day,Pit C,4777
2025-08-19,Night,Pit A,4884
2025-08-19,Night,Pit B,3773
2025-08-19,Night,Pit C,5065
2025-08-20,Day,Pit A,5874
2025-08-20,Day,Pit B,4239
2025-08-20,Day,Pit C,5235
2025-08-20,Night,Pit A,4358
2025-08-20,Night,Pit B,4529
2025-08-20,Night,Pit C,6034
2025-08-21,Day,Pit A,4620
2025-08-21,Day,Pit B,5323
2025-08-21,Day,Pit C,3690
2025-08-21,Night,Pit A,6303
2025-08-21,Night,Pit B,5421
2025-08-21,Night,Pit C,4872
2025-08-22,Day,Pit A,5402
2025-08-22,Day,Pit B,4013
2025-08-22,Day,Pit C,5827
2025-08-22,Night,Pit A,4773
2025-08-22,Night,Pit B,4857
2025-08-22,Night,Pit C,4655
2025-08-23,Day,Pit A,4593
2025-08-23,Day,Pit B,5486
2025-08-23,Day,Pit C,5179
2025-08-23,Night,Pit A,5456
2025-08-23,Night,Pit B,4993
2025-08-23,Night,Pit C,5359
2025-08-24,Day,Pit A,4706
2025-08-24,Day,Pit B,6560
2025-08-24,Day,Pit C,3902
2025-08-24,Night,Pit A,5882
2025-08-24,Night,Pit B,5957
2025-08-24,Night,Pit C,4403
2025-08-25,Day,Pit A,6560
2025-08-25,Day,Pit B,5696
2025-08-25,Day,Pit C,5679
2025-08-25,Night,Pit A,5019
2025-08-25,Night,Pit B,4847
2025-08-25,Night,Pit C,4853
2025-08-26,Day,Pit A,5273
2025-08-26,Day,Pit B,5980
2025-08-26,Day,Pit C,5126
2025-08-26,Night,Pit A,4361
2025-08-26,Night,Pit B,5577
2025-08-26,Night,Pit C,5644
2025-08-27,Day,Pit A,5458
2025-08-27,Day,Pit B,5521
2025-08-27,Day,Pit C,4810
2025-08-27,Night,Pit A,4349
2025-08-27,Night,Pit B,4392
2025-08-27,Night,Pit C,3855
2025-08-28,Day,Pit A,5165
2025-08-28,Day,Pit B,4941
2025-08-28,Day,Pit C,4692
2025-08-28,Night,Pit A,2931
2025-08-28,Night,Pit B,4126
2025-08-28,Night,Pit C,5784
2025-08-29,Day,Pit A,4534
2025-08-29,Day,Pit B,5252
2025-08-29,Day,Pit C,4026
2025-08-29,Night,Pit A,6007
2025-08-29,Night,Pit B,4899
2025-08-29,Night,Pit C,5203
2025-08-30,Day,Pit A,6628
2025-08-30,Day,Pit B,6061
2025-08-30,Day,Pit C,4785
2025-08-30,Night,Pit A,4584
2025-08-30,Night,Pit B,4772
2025-08-30,Night,Pit C,5356
2025-08-31,Day,Pit A,4926
2025-08-31,Day,Pit B,4723
2025-08-31,Day,Pit C,6027
2025-08-31,Night,Pit A,4920
2025-08-31,Night,Pit B,6609
2025-08-31,Night,Pit C,5063
2025-09-01,Day,Pit A,6249
2025-09-01,Day,Pit B,5250
2025-09-01,Day,Pit C,5674
2025-09-01,Night,Pit A,4492
2025-09-01,Night,Pit B,4402
2025-09-01,Night,Pit C,5321
2025-09-02,Day,Pit A,5691
2025-09-02,Day,Pit B,5028
2025-09-02,Day,Pit C,4099
2025-09-02,Night,Pit A,4047
2025-09-02,Night,Pit B,4001
2025-09-02,Night,Pit C,3762
2025-09-03,Day,Pit A,5076
2025-09-03,Day,Pit B,5787
2025-09-03,Day,Pit C,4990
2025-09-03,Night,Pit A,3417
2025-09-03,Night,Pit B,4866
2025-09-03,Night,Pit C,4886
2025-09-04,Day,Pit A,6467
2025-09-04,Day,Pit B,3980
2025-09-04,Day,Pit C,4726
2025-09-04,Night,Pit A,6194
2025-09-04,Night,Pit B,5314
2025-09-04,Night,Pit C,5394
2025-09-05,Day,Pit A,5080
2025-09-05,Day,Pit B,5230
2025-09-05,Day,Pit C,5544
2025-09-05,Night,Pit A,4433
2025-09-05,Night,Pit B,5614
2025-09-05,Night,Pit C,4038
2025-09-06,Day,Pit A,5229
2025-09-06,Day,Pit B,5125
2025-09-06,Day,Pit C,4568
2025-09-06,Night,Pit A,4984
2025-09-06,Night,Pit B,4564
2025-09-06,Night,Pit C,4249
2025-09-07,Day,Pit A,4752
2025-09-07,Day,Pit B,4227
2025-09-07,Day,Pit C,5225
2025-09-07,Night,Pit A,4194
2025-09-07,Night,Pit B,5498
2025-09-07,Night,Pit C,4172
2025-09-08,Day,Pit A,4603
2025-09-08,Day,Pit B,4562
2025-09-08,Day,Pit C,5927
2025-09-08,Night,Pit A,5231
2025-09-08,Night,Pit B,4851
2025-09-08,Night,Pit C,5349
2025-09-09,Day,Pit A,3524
2025-09-09,Day,Pit B,4969
2025-09-09,Day,Pit C,6398
2025-09-09,Night,Pit A,5092
2025-09-09,Night,Pit B,5047
2025-09-09,Night,Pit C,5383
2025-09-10,Day,Pit A,5626
2025-09-10,Day,Pit B,3601
2025-09-10,Day,Pit C,3822
2025-09-10,Night,Pit A,5147
2025-09-10,Night,Pit B,4499
2025-09-10,Night,Pit C,5918
2025-09-11,Day,Pit A,4779
2025-09-11,Day,Pit B,3645
2025-09-11,Day,Pit C,4112
2025-09-11,Night,Pit A,3075
2025-09-11,Night,Pit B,4836
2025-09-11,Night,Pit C,4868
2025-09-12,Day,Pit A,4702
2025-09-12,Day,Pit B,5755
2025-09-12,Day,Pit C,5838
2025-09-12,Night,Pit A,4880
2025-09-12,Night,Pit B,3505
2025-09-12,Night,Pit C,5432
2025-09-13,Day,Pit A,5388
2025-09-13,Day,Pit B,5216
2025-09-13,Day,Pit C,5687
2025-09-13,Night,Pit A,4184
2025-09-13,Night,Pit B,6406
2025-09-13,Night,Pit C,4328
2025-09-14,Day,Pit A,5524
2025-09-14,Day,Pit B,3818
2025-09-14,Day,Pit C,4348
2025-09-14,Night,Pit A,6061
2025-09-14,Night,Pit B,4817
2025-09-14,Night,Pit C,5587
2025-09-15,Day,Pit A,5165
2025-09-15,Day,Pit B,4926
2025-09-15,Day,Pit C,5954
2025-09-15,Night,Pit A,4834
2025-09-15,Night,Pit B,3753
2025-09-15,Night,Pit C,4437
2025-09-16,Day,Pit A,5385
2025-09-16,Day,Pit B,5276
2025-09-16,Day,Pit C,3903
2025-09-16,Night,Pit A,4492
2025-09-16,Night,Pit B,4592
2025-09-16,Night,Pit C,4744
2025-09-17,Day,Pit A,4036
2025-09-17,Day,Pit B,4560
2025-09-17,Day,Pit C,4489
2025-09-17,Night,Pit A,5540
2025-09-17,Night,Pit B,5566
2025-09-17,Night,Pit C,4897
2025-09-18,Day,Pit A,4725
2025-09-18,Day,Pit B,5097
2025-09-18,Day,Pit C,4428
2025-09-18,Night,Pit A,4197
2025-09-18,Night,Pit B,4341
2025-09-18,Night,Pit C,4555
2025-09-19,Day,Pit A,4185
2025-09-19,Day,Pit B,5113
2025-09-19,Day,Pit C,5510
2025-09-19,Night,Pit A,3889
2025-09-19,Night,Pit B,5017
2025-09-19,Night,Pit C,4846
2025-09-20,Day,Pit A,5239
2025-09-20,Day,Pit B,4990
2025-09-20,Day,Pit C,3982
2025-09-20,Night,Pit A,4116
2025-09-20,Night,Pit B,5020
2025-09-20,Night,Pit C,5720
2025-09-21,Day,Pit A,3450
2025-09-21,Day,Pit B,5242
2025-09-21,Day,Pit C,5832
2025-09-21,Night,Pit A,4892
2025-09-21,Night,Pit B,5385
2025-09-21,Night,Pit C,4507
2025-09-22,Day,Pit A,4916
2025-09-22,Day,Pit B,3865
2025-09-22,Day,Pit C,3358
2025-09-22,Night,Pit A,5659
2025-09-22,Night,Pit B,4310
2025-09-22,Night,Pit C,4681
2025-09-23,Day,Pit A,4029
2025-09-23,Day,Pit B,4013
2025-09-23,Day,Pit C,4878
2025-09-23,Night,Pit A,4489
2025-09-23,Night,Pit B,5264
2025-09-23,Night,Pit C,5316
2025-09-24,Day,Pit A,5224
2025-09-24,Day,Pit B,5167
2025-09-24,Day,Pit C,6104
2025-09-24,Night,Pit A,4252
2025-09-24,Night,Pit B,4961
2025-09-24,Night,Pit C,5792
2025-09-25,Day,Pit A,5885
2025-09-25,Day,Pit B,4004
2025-09-25,Day,Pit C,4781
2025-09-25,Night,Pit A,5950
2025-09-25,Night,Pit B,5355
2025-09-25,Night,Pit C,5136
2025-09-26,Day,Pit A,4847
2025-09-26,Day,Pit B,4731
2025-09-26,Day,Pit C,5201
2025-09-26,Night,Pit A,4823
2025-09-26,Night,Pit B,4970
2025-09-26,Night,Pit C,5055
2025-09-27,Day,Pit A,4525
2025-09-27,Day,Pit B,5372
2025-09-27,Day,Pit C,7039
2025-09-27,Night,Pit A,3756
2025-09-27,Night,Pit B,5226
2025-09-27,Night,Pit C,4467
2025-09-28,Day,Pit A,5404
2025-09-28,Day,Pit B,5032
2025-09-28,Day,Pit C,5533
2025-09-28,Night,Pit A,5822
2025-09-28,Night,Pit B,5134
2025-09-28,Night,Pit C,5792
2025-09-29,Day,Pit A,3358
2025-09-29,Day,Pit B,6113
2025-09-29,Day,Pit C,5262
2025-09-29,Night,Pit A,5754
2025-09-29,Night,Pit B,4146
2025-09-29,Night,Pit C,4418
2025-09-30,Day,Pit A,5102
2025-09-30,Day,Pit B,4988
2025-09-30,Day,Pit C,5198
2025-09-30,Night,Pit A,5759
2025-09-30,Night,Pit B,3764
2025-09-30,Night,Pit C,5681
2025-10-01,Day,Pit A,5005
2025-10-01,Day,Pit B,4857
2025-10-01,Day,Pit C,3970
2025-10-01,Night,Pit A,5352
2025-10-01,Night,Pit B,3310
2025-10-01,Night,Pit C,5453
2025-10-02,Day,Pit A,3955
2025-10-02,Day,Pit B,5037
2025-10-02,Day,Pit C,4916
2025-10-02,Night,Pit A,5818
2025-10-02,Night,Pit B,4874
2025-10-02,Night,Pit C,4514
2025-10-03,Day,Pit A,4645
2025-10-03,Day,Pit B,5891
2025-10-03,Day,Pit C,5375
2025-10-03,Night,Pit A,4730
2025-10-03,Night,Pit B,4834
2025-10-03,Night,Pit C,3902
2025-10-04,Day,Pit A,5271
2025-10-04,Day,Pit B,3768
2025-10-04,Day,Pit C,5526
2025-10-04,Night,Pit A,5090
2025-10-04,Night,Pit B,6670
2025-10-04,Night,Pit C,4229
2025-10-05,Day,Pit A,4928
2025-10-05,Day,Pit B,6258
2025-10-05,Day,Pit C,5833
2025-10-05,Night,Pit A,4512
2025-10-05,Night,Pit B,5156
2025-10-05,Night,Pit C,5001
2025-10-06,Day,Pit A,5197
2025-10-06,Day,Pit B,4510
2025-10-06,Day,Pit C,4937
2025-10-06,Night,Pit A,3881
2025-10-06,Night,Pit B,5094
2025-10-06,Night,Pit C,5315
2025-10-07,Day,Pit A,4840
2025-10-07,Day,Pit B,3869
2025-10-07,Day,Pit C,5691
2025-10-07,Night,Pit A,5255
2025-10-07,Night,Pit B,4491
2025-10-07,Night,Pit C,4803
2025-10-08,Day,Pit A,3949
2025-10-08,Day,Pit B,4282
2025-10-08,Day,Pit C,4623
2025-10-08,Night,Pit A,5859
2025-10-08,Night,Pit B,4552
2025-10-08,Night,Pit C,5448
2025-10-09,Day,Pit A,4623
2025-10-09,Day,Pit B,5173
2025-10-09,Day,Pit C,4901
2025-10-09,Night,Pit A,5611
2025-10-09,Night,Pit B,4625
2025-10-09,Night,Pit C,3899
2025-10-10,Day,Pit A,4032
2025-10-10,Day,Pit B,4627
2025-10-10,Day,Pit C,4125
2025-10-10,Night,Pit A,5287
2025-10-10,Night,Pit B,4673
2025-10-10,Night,Pit C,6662
2025-10-11,Day,Pit A,3783
2025-10-11,Day,Pit B,5142
2025-10-11,Day,Pit C,4210
2025-10-11,Night,Pit A,4654
2025-10-11,Night,Pit B,5098
2025-10-11,Night,Pit C,3372
2025-10-12,Day,Pit A,5165
2025-10-12,Day,Pit B,6332
2025-10-12,Day,Pit C,4682
2025-10-12,Night,Pit A,5181
2025-10-12,Night,Pit B,5717
2025-10-12,Night,Pit C,4885
2025-10-13,Day,Pit A,4593
2025-10-13,Day,Pit B,3406
2025-10-13,Day,Pit C,5448
2025-10-13,Night,Pit A,4920
2025-10-13,Night,Pit B,4291
2025-10-13,Night,Pit C,5088
2025-10-14,Day,Pit A,4591
2025-10-14,Day,Pit B,4630
2025-10-14,Day,Pit C,5424
2025-10-14,Night,Pit A,4063
2025-10-14,Night,Pit B,5733
2025-10-14,Night,Pit C,4021
2025-10-15,Day,Pit A,4536
2025-10-15,Day,Pit B,6346
2025-10-15,Day,Pit C,5789
2025-10-15,Night,Pit A,5068
2025-10-15,Night,Pit B,4341
2025-10-15,Night,Pit C,4629
2025-10-16,Day,Pit A,5051
2025-10-16,Day,Pit B,5026
2025-10-16,Day,Pit C,4936
2025-10-16,Night,Pit A,4978
2025-10-16,Night,Pit B,4849
2025-10-16,Night,Pit C,3990
2025-10-17,Day,Pit A,4638
2025-10-17,Day,Pit B,5640
2025-10-17,Day,Pit C,4042
2025-10-17,Night,Pit A,4867
2025-10-17,Night,Pit B,4426
2025-10-17,Night,Pit C,5077
2025-10-18,Day,Pit A,4727
2025-10-18,Day,Pit B,6034
2025-10-18,Day,Pit C,5354
2025-10-18,Night,Pit A,4081
2025-10-18,Night,Pit B,5469
2025-10-18,Night,Pit C,4457
2025-10-19,Day,Pit A,4596
2025-10-19,Day,Pit B,5219
2025-10-19,Day,Pit C,4655
2025-10-19,Night,Pit A,5624
2025-10-19,Night,Pit B,4457
2025-10-19,Night,Pit C,4566
2025-10-20,Day,Pit A,4540
2025-10-20,Day,Pit B,4604
2025-10-20,Day,Pit C,5769
2025-10-20,Night,Pit A,5440
2025-10-20,Night,Pit B,6196
2025-10-20,Night,Pit C,6587
2025-10-21,Day,Pit A,4278
2025-10-21,Day,Pit B,5049
2025-10-21,Day,Pit C,4176
2025-10-21,Night,Pit A,4455
2025-10-21,Night,Pit B,4558
2025-10-21,Night,Pit C,4259
2025-10-22,Day,Pit A,4263
2025-10-22,Day,Pit B,4899
2025-10-22,Day,Pit C,4148
2025-10-22,Night,Pit A,5589
2025-10-22,Night,Pit B,4357
2025-10-22,Night,Pit C,6966
2025-10-23,Day,Pit A,4684
2025-10-23,Day,Pit B,5050
2025-10-23,Day,Pit C,4093
2025-10-23,Night,Pit A,6194
2025-10-23,Night,Pit B,5783
2025-10-23,Night,Pit C,5207
2025-10-24,Day,Pit A,4057
2025-10-24,Day,Pit B,5147
2025-10-24,Day,Pit C,4214
2025-10-24,Night,Pit A,6023
2025-10-24,Night,Pit B,5566
2025-10-24,Night,Pit C,5066
2025-10-25,Day,Pit A,3294
2025-10-25,Day,Pit B,4311
2025-10-25,Day,Pit C,5481
2025-10-25,Night,Pit A,5849
2025-10-25,Night,Pit B,5776
2025-10-25,Night,Pit C,3885
2025-10-26,Day,Pit A,5211
2025-10-26,Day,Pit B,5710
2025-10-26,Day,Pit C,3839
2025-10-26,Night,Pit A,4994
2025-10-26,Night,Pit B,5191
2025-10-26,Night,Pit C,4789
2025-10-27,Day,Pit A,3703
2025-10-27,Day,Pit B,4772
2025-10-27,Day,Pit C,4770
2025-10-27,Night,Pit A,4896
2025-10-27,Night,Pit B,4605
2025-10-27,Night,Pit C,4689
2025-10-28,Day,Pit A,4972
2025-10-28,Day,Pit B,5309
2025-10-28,Day,Pit C,4786
2025-10-28,Night,Pit A,4713
2025-10-28,Night,Pit B,5064
2025-10-28,Night,Pit C,3655
2025-10-29,Day,Pit A,5333
2025-10-29,Day,Pit B,4999
2025-10-29,Day,Pit C,5027
2025-10-29,Night,Pit A,5672
2025-10-29,Night,Pit B,3633
2025-10-29,Night,Pit C,3618
2025-10-30,Day,Pit A,5191
2025-10-30,Day,Pit B,4995
2025-10-30,Day,Pit C,5119
2025-10-30,Night,Pit A,4676
2025-10-30,Night,Pit B,5465
2025-10-30,Night,Pit C,5652
2025-10-31,Day,Pit A,5338
2025-10-31,Day,Pit B,4817
2025-10-31,Day,Pit C,3524
2025-10-31,Night,Pit A,5538
2025-10-31,Night,Pit B,5855
2025-10-31,Night,Pit C,5451
2025-11-01,Day,Pit A,4384
2025-11-01,Day,Pit B,5471
2025-11-01,Day,Pit C,5602
2025-11-01,Night,Pit A,6091
2025-11-01,Night,Pit B,4386
2025-11-01,Night,Pit C,4841
2025-11-02,Day,Pit A,5523
2025-11-02,Day,Pit B,5040
2025-11-02,Day,Pit C,4217
2025-11-02,Night,Pit A,5290
2025-11-02,Night,Pit B,5405
2025-11-02,Night,Pit C,5061
2025-11-03,Day,Pit A,5153
2025-11-03,Day,Pit B,4818
2025-11-03,Day,Pit C,6034
2025-11-03,Night,Pit A,4369
2025-11-03,Night,Pit B,4588
2025-11-03,Night,Pit C,5007
2025-11-04,Day,Pit A,5615
2025-11-04,Day,Pit B,3951
2025-11-04,Day,Pit C,4082
2025-11-04,Night,Pit A,3573
2025-11-04,Night,Pit B,5022
2025-11-04,Night,Pit C,4217
2025-11-05,Day,Pit A,4730
2025-11-05,Day,Pit B,5462
2025-11-05,Day,Pit C,4550
2025-11-05,Night,Pit A,5161
2025-11-05,Night,Pit B,4790
2025-11-05,Night,Pit C,5470
2025-11-06,Day,Pit A,5332
2025-11-06,Day,Pit B,4515
2025-11-06,Day,Pit C,4881
2025-11-06,Night,Pit A,5730
2025-11-06,Night,Pit B,5275
2025-11-06,Night,Pit C,4022
2025-11-07,Day,Pit A,5458
2025-11-07,Day,Pit B,4240
2025-11-07,Day,Pit C,5988
2025-11-07,Night,Pit A,5716
2025-11-07,Night,Pit B,5202
2025-11-07,Night,Pit C,5110
2025-11-08,Day,Pit A,4853
2025-11-08,Day,Pit B,5474
2025-11-08,Day,Pit C,4740
2025-11-08,Night,Pit A,5164
2025-11-08,Night,Pit B,5610
2025-11-08,Night,Pit C,4606
2025-11-09,Day,Pit A,4568
2025-11-09,Day,Pit B,4163
2025-11-09,Day,Pit C,4254
2025-11-09,Night,Pit A,3720
2025-11-09,Night,Pit B,5510
2025-11-09,Night,Pit C,6266
2025-11-10,Day,Pit A,5997
2025-11-10,Day,Pit B,3861
2025-11-10,Day,Pit C,5507
2025-11-10,Night,Pit A,5995
2025-11-10,Night,Pit B,4680
2025-11-10,Night,Pit C,5071
2025-11-11,Day,Pit A,3594
2025-11-11,Day,Pit B,5186
2025-11-11,Day,Pit C,4255
2025-11-11,Night,Pit A,5139
2025-11-11,Night,Pit B,3907
2025-11-11,Night,Pit C,5380
2025-11-12,Day,Pit A,5717
2025-11-12,Day,Pit B,4451
2025-11-12,Day,Pit C,4204
2025-11-12,Night,Pit A,3490
2025-11-12,Night,Pit B,4813
2025-11-12,Night,Pit C,4592
2025-11-13,Day,Pit A,3914
2025-11-13,Day,Pit B,5317
2025-11-13,Day,Pit C,4685
2025-11-13,Night,Pit A,4246
2025-11-13,Night,Pit B,4611
2025-11-13,Night,Pit C,5749
2025-11-14,Day,Pit A,5422
2025-11-14,Day,Pit B,4908
2025-11-14,Day,Pit C,5433
2025-11-14,Night,Pit A,4187
2025-11-14,Night,Pit B,5022
2025-11-14,Night,Pit C,5103
2025-11-15,Day,Pit A,4671
2025-11-15,Day,Pit B,5304
2025-11-15,Day,Pit C,4453
2025-11-15,Night,Pit A,5356
2025-11-15,Night,Pit B,5386
2025-11-15,Night,Pit C,2957
2025-11-16,Day,Pit A,5833
2025-11-16,Day,Pit B,2866
2025-11-16,Day,Pit C,4568
2025-11-16,Night,Pit A,5717
2025-11-16,Night,Pit B,4777
2025-11-16,Night,Pit C,3973
2025-11-17,Day,Pit A,4234
2025-11-17,Day,Pit B,5718
2025-11-17,Day,Pit C,3654
2025-11-17,Night,Pit A,5790
2025-11-17,Night,Pit B,4961
2025-11-17,Night,Pit C,4165
2025-11-18,Day,Pit A,4591
2025-11-18,Day,Pit B,4287
2025-11-18,Day,Pit C,5606
2025-11-18,Night,Pit A,5512
2025-11-18,Night,Pit B,3796
2025-11-18,Night,Pit C,4717
2025-11-19,Day,Pit A,4395
2025-11-19,Day,Pit B,5905
2025-11-19,Day,Pit C,4054
2025-11-19,Night,Pit A,6122
2025-11-19,Night,Pit B,4976
2025-11-19,Night,Pit C,4186
2025-11-20,Day,Pit A,4525
2025-11-20,Day,Pit B,4438
2025-11-20,Day,Pit C,4107
2025-11-20,Night,Pit A,5066
2025-11-20,Night,Pit B,4140
2025-11-20,Night,Pit C,3473
2025-11-21,Day,Pit A,4734
2025-11-21,Day,Pit B,3738
2025-11-21,Day,Pit C,4473
2025-11-21,Night,Pit A,4363
2025-11-21,Night,Pit B,4390
2025-11-21,Night,Pit C,6400
2025-11-22,Day,Pit A,5039
2025-11-22,Day,Pit B,5171
2025-11-22,Day,Pit C,3756
2025-11-22,Night,Pit A,4542
2025-11-22,Night,Pit B,5150
2025-11-22,Night,Pit C,4282
2025-11-23,Day,Pit A,5635
2025-11-23,Day,Pit B,4158
2025-11-23,Day,Pit C,4799
2025-11-23,Night,Pit A,4589
2025-11-23,Night,Pit B,5115
2025-11-23,Night,Pit C,4551
2025-11-24,Day,Pit A,4810
2025-11-24,Day,Pit B,4834
2025-11-24,Day,Pit C,4485
2025-11-24,Night,Pit A,5339
2025-11-24,Night,Pit B,5166
2025-11-24,Night,Pit C,4937
2025-11-25,Day,Pit A,4698
2025-11-25,Day,Pit B,5557
2025-11-25,Day,Pit C,4834
2025-11-25,Night,Pit A,4785
2025-11-25,Night,Pit B,5073
2025-11-25,Night,Pit C,6187
2025-11-26,Day,Pit A,4061
2025-11-26,Day,Pit B,5538
2025-11-26,Day,Pit C,3674
2025-11-26,Night,Pit A,5152
2025-11-26,Night,Pit B,6102
2025-11-26,Night,Pit C,5342
2025-11-27,Day,Pit A,5119
2025-11-27,Day,Pit B,4607
2025-11-27,Day,Pit C,5021
2025-11-27,Night,Pit A,4823
2025-11-27,Night,Pit B,4449
2025-11-27,Night,Pit C,4797
2025-11-28,Day,Pit A,5138
2025-11-28,Day,Pit B,4462
2025-11-28,Day,Pit C,4435
2025-11-28,Night,Pit A,4047
2025-11-28,Night,Pit B,5273
2025-11-28,Night,Pit C,5381
2025-11-29,Day,Pit A,5162
2025-11-29,Day,Pit B,5675
2025-11-29,Day,Pit C,5061
2025-11-29,Night,Pit A,5274
2025-11-29,Night,Pit B,5212
2025-11-29,Night,Pit C,4935
2025-11-30,Day,Pit A,4628
2025-11-30,Day,Pit B,6549
2025-11-30,Day,Pit C,4683
2025-11-30,Night,Pit A,4533
2025-11-30,Night,Pit B,5303
2025-11-30,Night,Pit C,5176
2025-12-01,Day,Pit A,4016
2025-12-01,Day,Pit B,5785
2025-12-01,Day,Pit C,4934
2025-12-01,Night,Pit A,4222
2025-12-01,Night,Pit B,5832
2025-12-01,Night,Pit C,5437
2025-12-02,Day,Pit A,4114
2025-12-02,Day,Pit B,6244
2025-12-02,Day,Pit C,5461
2025-12-02,Night,Pit A,4992
2025-12-02,Night,Pit B,6113
2025-12-02,Night,Pit C,5111
2025-12-03,Day,Pit A,4980
2025-12-03,Day,Pit B,4537
2025-12-03,Day,Pit C,5407
2025-12-03,Night,Pit A,5333
2025-12-03,Night,Pit B,5010
2025-12-03,Night,Pit C,4447
2025-12-04,Day,Pit A,5090
2025-12-04,Day,Pit B,4951
2025-12-04,Day,Pit C,4066
2025-12-04,Night,Pit A,3969
2025-12-04,Night,Pit B,5395
2025-12-04,Night,Pit C,3178
2025-12-05,Day,Pit A,5143
2025-12-05,Day,Pit B,4665
2025-12-05,Day,Pit C,5915
2025-12-05,Night,Pit A,4654
2025-12-05,Night,Pit B,5461
2025-12-05,Night,Pit C,4722
2025-12-06,Day,Pit A,5079
2025-12-06,Day,Pit B,5515
2025-12-06,Day,Pit C,4676
2025-12-06,Night,Pit A,5697
2025-12-06,Night,Pit B,4304
2025-12-06,Night,Pit C,5206
2025-12-07,Day,Pit A,5645
2025-12-07,Day,Pit B,5462
2025-12-07,Day,Pit C,6341
2025-12-07,Night,Pit A,4465
2025-12-07,Night,Pit B,4034
2025-12-07,Night,Pit C,4303
2025-12-08,Day,Pit A,5462
2025-12-08,Day,Pit B,5348
2025-12-08,Day,Pit C,5071
2025-12-08,Night,Pit A,4213
2025-12-08,Night,Pit B,5536
2025-12-08,Night,Pit C,4142
2025-12-09,Day,Pit A,5811
2025-12-09,Day,Pit B,7000
2025-12-09,Day,Pit C,5256
2025-12-09,Night,Pit A,5408
2025-12-09,Night,Pit B,4654
2025-12-09,Night,Pit C,3732
2025-12-10,Day,Pit A,4578
2025-12-10,Day,Pit B,4234
2025-12-10,Day,Pit C,3987
2025-12-10,Night,Pit A,6205
2025-12-10,Night,Pit B,5191
2025-12-10,Night,Pit C,5265
2025-12-11,Day,Pit A,4783
2025-12-11,Day,Pit B,4878
2025-12-11,Day,Pit C,5675
2025-12-11,Night,Pit A,4977
2025-12-11,Night,Pit B,5371
2025-12-11,Night,Pit C,4862
2025-12-12,Day,Pit A,4760
2025-12-12,Day,Pit B,4015
2025-12-12,Day,Pit C,3615
2025-12-12,Night,Pit A,4816
2025-12-12,Night,Pit B,5039
2025-12-12,Night,Pit C,4099
2025-12-13,Day,Pit A,4975
2025-12-13,Day,Pit B,5037
2025-12-13,Day,Pit C,3490
2025-12-13,Night,Pit A,4359
2025-12-13,Night,Pit B,5285
2025-12-13,Night,Pit C,5270
2025-12-14,Day,Pit A,4192
2025-12-14,Day,Pit B,5110
2025-12-14,Day,Pit C,5715
2025-12-14,Night,Pit A,5543
2025-12-14,Night,Pit B,4933
2025-12-14,Night,Pit C,4672
2025-12-15,Day,Pit A,4559
2025-12-15,Day,Pit B,5327
2025-12-15,Day,Pit C,5136
2025-12-15,Night,Pit A,5440
2025-12-15,Night,Pit B,5092
2025-12-15,Night,Pit C,5573
2025-12-16,Day,Pit A,5066
2025-12-16,Day,Pit B,5549
2025-12-16,Day,Pit C,5609
2025-12-16,Night,Pit A,4436
2025-12-16,Night,Pit B,3734
2025-12-16,Night,Pit C,6080
2025-12-17,Day,Pit A,5179
2025-12-17,Day,Pit B,3799
2025-12-17,Day,Pit C,4500
2025-12-17,Night,Pit A,5540
2025-12-17,Night,Pit B,4804
2025-12-17,Night,Pit C,4641
2025-12-18,Day,Pit A,5980
2025-12-18,Day,Pit B,4266
2025-12-18,Day,Pit C,4441
2025-12-18,Night,Pit A,5147
2025-12-18,Night,Pit B,5273
2025-12-18,Night,Pit C,5347
2025-12-19,Day,Pit A,5637
2025-12-19,Day,Pit B,5139
2025-12-19,Day,Pit C,5342
2025-12-19,Night,Pit A,4818
2025-12-19,Night,Pit B,5043
2025-12-19,Night,Pit C,5075
2025-12-20,Day,Pit A,5150
2025-12-20,Day,Pit B,5540
2025-12-20,Day,Pit C,5388
2025-12-20,Night,Pit A,5030
2025-12-20,Night,Pit B,4433
2025-12-20,Night,Pit C,5047
2025-12-21,Day,Pit A,4980
2025-12-21,Day,Pit B,5135
2025-12-21,Day,Pit C,6544
2025-12-21,Night,Pit A,4633
2025-12-21,Night,Pit B,5295
2025-12-21,Night,Pit C,5747
2025-12-22,Day,Pit A,5068
2025-12-22,Day,Pit B,6636
2025-12-22,Day,Pit C,4735
2025-12-22,Night,Pit A,5226
2025-12-22,Night,Pit B,4440
2025-12-22,Night,Pit C,4753
2025-12-23,Day,Pit A,5174
2025-12-23,Day,Pit B,5592
2025-12-23,Day,Pit C,5223
2025-12-23,Night,Pit A,5881
2025-12-23,Night,Pit B,4933
2025-12-23,Night,Pit C,4767
2025-12-24,Day,Pit A,6892
2025-12-24,Day,Pit B,5275
2025-12-24,Day,Pit C,4496
2025-12-24,Night,Pit A,4514
2025-12-24,Night,Pit B,4340
2025-12-24,Night,Pit C,5655
2025-12-25,Day,Pit A,4744
2025-12-25,Day,Pit B,5089
2025-12-25,Day,Pit C,4955
2025-12-25,Night,Pit A,5512
2025-12-25,Night,Pit B,4407
2025-12-25,Night,Pit C,4247
2025-12-26,Day,Pit A,5157
2025-12-26,Day,Pit B,5420
2025-12-26,Day,Pit C,5232
2025-12-26,Night,Pit A,4433
2025-12-26,Night,Pit B,5474
2025-12-26,Night,Pit C,4479
2025-12-27,Day,Pit A,4634
2025-12-27,Day,Pit B,4339
2025-12-27,Day,Pit C,5910
2025-12-27,Night,Pit A,5443
2025-12-27,Night,Pit B,5423
2025-12-27,Night,Pit C,5873
2025-12-28,Day,Pit A,6968
2025-12-28,Day,Pit B,3803
2025-12-28,Day,Pit C,4483
2025-12-28,Night,Pit A,4568
2025-12-28,Night,Pit B,4404
2025-12-28,Night,Pit C,4245
2025-12-29,Day,Pit A,4790
2025-12-29,Day,Pit B,4148
2025-12-29,Day,Pit C,5234
2025-12-29,Night,Pit A,5036
2025-12-29,Night,Pit B,5336
2025-12-29,Night,Pit C,5355
2025-12-30,Day,Pit A,5422
2025-12-30,Day,Pit B,4738
2025-12-30,Day,Pit C,6484
2025-12-30,Night,Pit A,5164
2025-12-30,Night,Pit B,3696
2025-12-30,Night,Pit C,4298
2025-12-31,Day,Pit A,3781
2025-12-31,Day,Pit B,5012
2025-12-31,Day,Pit C,4914
2025-12-31,Night,Pit A,4672
2025-12-31,Night,Pit B,6407
2025-12-31,Night,Pit C,5384
